-- --------------------------------------------------------

--
-- Table structure for table `wp_6kf4dh_gigs_gig`
--

CREATE TABLE IF NOT EXISTS `wp_6kf4dh_gigs_gig` (
  `id` int(10) unsigned NOT NULL AUTO_INCREMENT,
  `venueID` int(10) unsigned NOT NULL,
  `date` date NOT NULL,
  `notes` text NOT NULL,
  `postID` bigint(20) unsigned NOT NULL,
  `eventName` varchar(255) NOT NULL,
  `tour_id` int(10) unsigned DEFAULT NULL,
  PRIMARY KEY (`id`)
) ENGINE=MyISAM  DEFAULT CHARSET=utf8 AUTO_INCREMENT=129 ;

--
-- Dumping data for table `wp_6kf4dh_gigs_gig`
--

INSERT INTO `wp_6kf4dh_gigs_gig` (`id`, `venueID`, `date`, `notes`, `postID`, `eventName`, `tour_id`) VALUES
(1, 1, '2009-11-24', '', 6, 'Comedy Competition, Heat #3', NULL),
(2, 2, '2009-10-23', '', 8, 'Grand Final', NULL),
(3, 4, '2009-11-17', '', 27, 'Comedy on the EDGE', NULL),
(4, 1, '2009-12-08', '', 53, 'Comedy Competition 1st Final', NULL),
(5, 5, '2010-01-26', '', 56, 'Open Mic', NULL),
(6, 6, '2010-02-01', '', 60, '5 Minutes of Funny', NULL),
(7, 7, '2010-02-24', '', 80, '5 Minutes of funny', NULL),
(8, 2, '2010-03-06', '', 122, '', NULL),
(9, 2, '2010-04-16', '', 124, '', NULL),
(10, 2, '2010-05-08', 'a', 126, '', NULL),
(11, 8, '2010-03-08', '', 176, '', NULL),
(12, 4, '2010-03-28', '', 217, 'Comedy on the Edge', NULL),
(13, 1, '2010-03-30', '', 257, '', NULL),
(14, 9, '2010-03-24', '', 277, '', NULL),
(15, 10, '2009-03-09', '', 279, '', NULL),
(16, 1, '2010-05-04', '', 290, '', NULL),
(17, 11, '2010-04-24', '', 292, '', NULL),
(18, 8, '2010-04-19', '', 294, '', NULL),
(19, 12, '2010-04-09', '', 296, '', NULL),
(20, 4, '2010-05-02', '', 320, '', NULL),
(21, 13, '2010-05-15', '', 327, '', NULL),
(22, 2, '2010-06-05', '', 336, '', NULL),
(23, 2, '2010-07-03', '', 338, '', NULL),
(24, 2, '2010-07-09', '', 340, '', NULL),
(25, 4, '2010-05-23', '', 342, '', NULL),
(26, 14, '2010-07-01', '', 349, '', NULL),
(27, 9, '2010-06-02', '', 353, '', NULL),
(28, 10, '2010-06-09', '', 374, 'Quest for the Best', NULL),
(29, 15, '2010-08-12', '', 377, 'Green Faces', NULL),
(30, 4, '2010-05-30', '', 391, '', NULL),
(31, 4, '2010-06-20', '', 393, '', NULL),
(32, 16, '2010-06-03', '', 404, '', NULL),
(33, 8, '2010-06-07', '', 406, '', NULL),
(35, 17, '2010-07-10', 'If you’re after an all ages festival, turn to page three after the bell. Looking for a mix of comedy, music and art - go straight to page twenty-two. One stage isn’t enough, you want a gig spread over four rooms? Head to page seven. An arvo kick off would make your day? Page fifteen is for you.\n\nThere’s something for everyone at Choose Your Own Adventure, our all ages, daytime festival within a festival. We’ll be taking over all rooms, corners, stairwells, nooks and crannies in The Factory Theatre to bring you a huge lineup of comedy, art and DJs, as well as your favourite established and emerging Sydney bands. Fall down the rabbit hole with us on a journey through this city’s music, arts & culture.\n\nACTS INCLUDE:\nCLOUD CONTROL\nTHE JEZABELS\nTHE HOLIDAYS\nLAURENZ PIKE\nGEORGIA FAIR\nPAPA VS PRETTY\nMEGASTICK FANFARE\nZEAHORSE\nBETTY AIRS\nHALAL, HOW ARE YOU?\nWE ARE VOLCANOES\nPVT DJ SET\nDAPPLED DJs\nSOSUEME DJs\nPASH DJs\nBAD WIVES\n30 IN 30 COMEDY and more to be announced.\n\nAll Ages. 3pm kick off. $15 supporters / $20 non supporters / $25 on the door. All proceeds go to FBi Radio.', 417, '30 in 30', NULL),
(36, 4, '2010-06-13', '', 427, '', NULL),
(37, 8, '2010-06-21', '', 430, '', NULL),
(38, 1, '2010-06-30', '', 432, 'Open Mic Competition week 2', NULL),
(39, 10, '2010-08-04', '', 435, 'Quest for the Best', NULL),
(42, 1, '2010-07-21', '', 443, 'Open Mic Competition week 5', NULL),
(43, 2, '2010-08-06', '', 445, '', NULL),
(44, 4, '2010-07-11', '', 447, '', NULL),
(45, 4, '2010-08-17', '', 449, '', NULL),
(46, 18, '2010-08-02', '', 460, '', NULL),
(47, 1, '2010-08-18', '', 480, '', NULL),
(48, 8, '2010-07-26', '', 482, 'Endless Joke Competition', NULL),
(49, 1, '2010-08-31', '', 780, '', NULL),
(52, 10, '2010-11-24', '', 795, '', NULL),
(51, 2, '2010-09-04', '', 787, '', NULL),
(53, 19, '2010-12-07', '', 822, '', NULL),
(54, 19, '2010-11-23', '', 823, '', NULL),
(55, 20, '2010-09-18', '', 824, '', NULL),
(56, 21, '2010-10-02', '', 825, '', NULL),
(57, 22, '2011-01-10', '', 826, 'RAW Comedy 2011', NULL),
(58, 19, '2011-01-25', '', 827, '', NULL),
(63, 26, '2011-04-16', '', 837, '60 in 60', NULL),
(60, 24, '2011-02-10', '', 834, '', NULL),
(62, 19, '2011-04-05', '', 836, '', NULL),
(64, 2, '2011-03-25', '', 838, '', NULL),
(65, 10, '2011-04-13', '', 839, '', NULL),
(66, 2, '2011-04-09', '', 840, '', NULL),
(67, 2, '2011-04-23', '', 841, '', NULL),
(68, 2, '2011-05-21', '', 842, '', NULL),
(69, 2, '2011-07-08', '', 843, '', NULL),
(78, 15, '2011-08-18', '', 856, 'Green Faces 2011', NULL),
(71, 4, '2011-04-26', '', 845, '', NULL),
(72, 2, '2011-05-06', '', 846, '', NULL),
(83, 1, '2011-07-14', '', 869, '', NULL),
(74, 25, '2011-05-05', '', 848, '', NULL),
(75, 17, '2011-04-25', '', 849, 'Y0 Momma Competition', NULL),
(76, 28, '2011-05-26', '', 850, '', NULL),
(77, 19, '2011-05-31', '', 851, '', NULL),
(80, 30, '2011-07-02', '', 858, '', NULL),
(81, 19, '2011-07-22', '', 863, '', NULL),
(82, 28, '2011-06-30', '', 864, '', NULL),
(84, 1, '2011-07-15', '', 870, '', NULL),
(85, 1, '2011-07-16', '', 871, '', NULL),
(86, 2, '2011-07-29', '', 872, '', NULL),
(87, 13, '2011-10-01', '', 873, '', NULL),
(88, 25, '2011-07-28', '', 874, '', NULL),
(89, 30, '2011-07-23', '', 875, '', NULL),
(90, 19, '2011-08-09', '', 892, '', NULL),
(91, 30, '2011-08-13', '', 893, '', NULL),
(92, 19, '2011-08-30', '', 894, '', NULL),
(93, 25, '2011-09-22', '', 895, '', NULL),
(94, 1, '2011-08-24', '', 898, '', NULL),
(95, 10, '2011-11-02', '', 902, '', NULL),
(96, 31, '2011-08-31', '', 903, '', NULL),
(97, 25, '2011-09-01', '', 904, '', NULL),
(98, 32, '2011-09-10', '', 905, '', NULL),
(99, 2, '2011-10-22', '', 906, '', NULL),
(100, 2, '2011-11-05', '', 907, '', NULL),
(101, 2, '2011-11-18', '', 908, '', NULL),
(102, 2, '2011-11-19', '', 909, '', NULL),
(103, 2, '2011-12-10', '', 910, '', NULL),
(104, 1, '2011-09-09', '', 911, '', NULL),
(105, 33, '2011-09-19', '', 912, '', NULL),
(106, 1, '2011-09-24', '', 921, '', NULL),
(107, 1, '2011-09-23', '', 922, '', NULL),
(108, 34, '2011-10-17', '', 923, '', NULL),
(109, 1, '2011-10-28', '', 931, '', NULL),
(110, 1, '2011-10-29', '', 932, '', NULL),
(111, 19, '2011-10-11', '', 933, '', NULL),
(112, 16, '2011-10-27', '', 935, '', NULL),
(113, 19, '2011-11-08', '', 938, '', NULL),
(114, 35, '2011-12-02', '', 939, '', NULL),
(115, 19, '2011-11-29', '', 940, '', NULL),
(116, 14, '2011-12-01', '', 941, '', NULL),
(117, 36, '2012-01-19', '', 942, '', NULL),
(118, 19, '2011-12-13', '', 1098, '', NULL),
(119, 22, '2012-01-24', '', 1100, 'RAW Sydney Heat #2', NULL),
(120, 2, '2012-02-04', '', 1102, '', NULL),
(121, 2, '2012-03-03', '', 1104, '', NULL),
(122, 2, '2012-03-31', '', 1106, '', NULL),
(123, 2, '2012-04-14', '', 1108, '', NULL),
(124, 37, '2012-02-02', '', 1110, '', NULL),
(125, 19, '2012-02-07', '', 1113, '', NULL),
(126, 34, '2012-03-05', '', 1116, '', NULL),
(127, 11, '2012-02-18', '', 1122, '', NULL),
(128, 32, '2012-02-25', '', 1126, '', NULL);

-- --------------------------------------------------------

--
-- Table structure for table `wp_6kf4dh_gigs_performance`
--

CREATE TABLE IF NOT EXISTS `wp_6kf4dh_gigs_performance` (
  `id` int(10) unsigned NOT NULL AUTO_INCREMENT,
  `gigID` int(10) unsigned NOT NULL,
  `time` time DEFAULT NULL,
  `link` varchar(255) NOT NULL,
  `shortNotes` varchar(255) NOT NULL,
  `ages` varchar(255) NOT NULL,
  PRIMARY KEY (`id`)
) ENGINE=MyISAM  DEFAULT CHARSET=utf8 AUTO_INCREMENT=128 ;

--
-- Dumping data for table `wp_6kf4dh_gigs_performance`
--

INSERT INTO `wp_6kf4dh_gigs_performance` (`id`, `gigID`, `time`, `link`, `shortNotes`, `ages`) VALUES
(1, 1, '20:30:00', 'http://www.thelaughgarage.com/index_files/competition.htm', '', '21+'),
(2, 2, '20:30:00', '', '', 'All Ages'),
(3, 3, '20:00:00', '', '', 'All Ages'),
(4, 4, '20:00:00', '', '', 'All Ages'),
(5, 5, '19:30:00', '', '', 'All Ages'),
(6, 6, '20:30:00', '', '', 'All Ages'),
(7, 7, '20:00:00', '', '', 'All Ages'),
(8, 8, '19:30:00', '', '', 'All Ages'),
(9, 9, '19:30:00', '', '', 'All Ages'),
(10, 10, '19:30:00', '', '', 'All Ages'),
(11, 11, '19:30:00', '', '', 'All Ages'),
(12, 12, '14:00:00', '', '', 'All Ages'),
(13, 13, '20:00:00', '', '', 'All Ages'),
(14, 14, '20:00:00', '', '', 'All Ages'),
(15, 15, '20:00:00', '', '', 'All Ages'),
(16, 16, '20:00:00', '', '', 'All Ages'),
(17, 17, '20:00:00', '', '', 'All Ages'),
(18, 18, '19:30:00', '', '', '21+'),
(19, 19, '20:00:00', '', '', 'All Ages'),
(20, 20, '14:00:00', '', '', 'All Ages'),
(21, 21, '20:00:00', '', '', 'All Ages'),
(22, 22, '20:00:00', '', '', 'All Ages'),
(23, 23, '20:00:00', '', '', 'All Ages'),
(24, 24, '20:00:00', '', '', 'All Ages'),
(25, 25, '14:00:00', '', '', 'All Ages'),
(26, 26, '20:00:00', '', '', 'All Ages'),
(27, 27, '20:00:00', '', '', 'All Ages'),
(28, 28, '20:00:00', '', '', 'All Ages'),
(29, 29, '20:00:00', '', '', 'All Ages'),
(30, 30, '14:00:00', '', '', 'All Ages'),
(31, 31, '14:00:00', '', '', 'All Ages'),
(32, 32, '20:00:00', '', '', 'All Ages'),
(33, 33, '20:00:00', '', '', 'All Ages'),
(35, 35, '15:00:00', 'http://www.moshtix.com.au/event.aspx?id=37616&ref=moshtix', '', 'All Ages'),
(36, 36, '14:00:00', '', '', 'All Ages'),
(37, 37, '20:00:00', '', '', 'All Ages'),
(38, 38, '20:00:00', '', '', 'All Ages'),
(39, 39, '20:00:00', '', '', 'All Ages'),
(43, 43, '20:00:00', '', '', 'All Ages'),
(42, 42, '20:00:00', '', '', 'All Ages'),
(44, 44, '14:00:00', '', '', 'All Ages'),
(45, 45, '20:00:00', '', '', 'All Ages'),
(46, 46, '20:00:00', '', '', 'All Ages'),
(47, 47, '20:00:00', '', '', 'All Ages'),
(48, 48, '20:00:00', '', '', 'All Ages'),
(49, 49, '20:00:00', '', '', 'All Ages'),
(52, 52, '20:00:00', '', '', 'All Ages'),
(51, 51, '20:00:00', '', '', 'All Ages'),
(53, 53, '20:00:00', '', '', 'All Ages'),
(54, 54, '20:00:00', '', '', 'All Ages'),
(55, 55, '20:00:00', '', '', 'All Ages'),
(56, 56, '23:45:00', '', '', 'All Ages'),
(57, 57, '20:00:00', '', '', 'All Ages'),
(58, 58, '20:00:00', '', '', 'All Ages'),
(63, 63, '21:30:00', '', '', 'All Ages'),
(60, 60, '20:00:00', '', '', 'All Ages'),
(62, 62, '20:00:00', '', '', 'All Ages'),
(64, 64, '20:00:00', '', '', 'All Ages'),
(65, 65, '20:00:00', '', '', 'All Ages'),
(66, 66, '20:00:00', '', '', 'All Ages'),
(67, 67, '20:00:00', '', '', 'All Ages'),
(68, 68, '20:00:00', '', '', 'All Ages'),
(69, 69, '20:00:00', '', '', 'All Ages'),
(77, 78, '20:00:00', '', '', 'All Ages'),
(71, 72, '20:00:00', '', '', 'All Ages'),
(82, 83, '19:00:00', '', '', 'All Ages'),
(73, 74, '20:00:00', '', '', 'All Ages'),
(74, 75, '22:30:00', '', '', 'All Ages'),
(75, 76, '20:00:00', '', '', 'All Ages'),
(76, 77, '20:00:00', '', '', 'All Ages'),
(79, 80, '20:00:00', '', '', 'All Ages'),
(80, 81, '20:00:00', '', '', 'All Ages'),
(81, 82, '20:00:00', '', '', 'All Ages'),
(83, 84, '19:00:00', '', '', 'All Ages'),
(84, 85, '20:00:00', '', '', 'All Ages'),
(85, 86, '20:00:00', '', '', 'All Ages'),
(86, 87, '20:00:00', '', '', 'All Ages'),
(87, 88, '20:00:00', '', '', 'All Ages'),
(88, 89, '20:00:00', '', '', 'All Ages'),
(89, 90, '20:00:00', '', '', 'All Ages'),
(90, 91, '20:00:00', '', '', 'All Ages'),
(91, 92, '20:00:00', '', '', 'All Ages'),
(92, 93, '20:00:00', '', '', 'All Ages'),
(93, 94, '20:00:00', '', '', 'All Ages'),
(94, 95, '20:00:00', '', '', 'All Ages'),
(95, 96, '20:00:00', '', '', 'All Ages'),
(96, 97, '20:00:00', '', '', 'All Ages'),
(97, 98, '20:00:00', '', '', 'All Ages'),
(98, 99, '20:00:00', '', '', 'All Ages'),
(99, 100, '20:00:00', '', '', 'All Ages'),
(100, 101, '20:00:00', '', '', 'All Ages'),
(101, 102, '20:00:00', '', '', 'All Ages'),
(102, 103, '20:00:00', '', '', 'All Ages'),
(103, 104, '20:00:00', '', '', 'All Ages'),
(104, 105, '20:00:00', '', '', 'All Ages'),
(105, 106, '20:00:00', '', '', 'All Ages'),
(106, 107, '20:00:00', '', '', 'All Ages'),
(107, 108, '20:00:00', '', '', 'All Ages'),
(108, 109, '20:00:00', '', '', 'All Ages'),
(109, 110, '20:00:00', '', '', 'All Ages'),
(110, 111, '20:00:00', '', '', 'All Ages'),
(111, 112, '20:00:00', '', '', 'All Ages'),
(112, 113, '20:00:00', '', '', 'All Ages'),
(113, 114, '20:00:00', '', '', 'All Ages'),
(114, 115, '20:00:00', '', '', 'All Ages'),
(115, 116, '20:00:00', '', '', 'All Ages'),
(116, 117, '20:00:00', '', '', 'All Ages'),
(117, 118, '20:00:00', '', '', 'All Ages'),
(118, 119, '20:00:00', '', '', 'All Ages'),
(119, 120, '20:00:00', '', '', 'All Ages'),
(120, 121, '20:00:00', '', '', 'All Ages'),
(121, 122, '20:00:00', '', '', 'All Ages'),
(122, 123, '20:00:00', '', '', 'All Ages'),
(123, 124, '20:00:00', '', '', 'All Ages'),
(124, 125, '20:00:00', '', '', 'All Ages'),
(125, 126, '20:00:00', '', '', 'All Ages'),
(126, 127, '20:00:00', '', '', 'All Ages'),
(127, 128, '20:00:00', '', '', 'All Ages');

-- --------------------------------------------------------

--
-- Table structure for table `wp_6kf4dh_gigs_tour`
--

CREATE TABLE IF NOT EXISTS `wp_6kf4dh_gigs_tour` (
  `id` int(10) unsigned NOT NULL AUTO_INCREMENT,
  `name` varchar(255) NOT NULL,
  `notes` mediumtext NOT NULL,
  `pos` int(10) unsigned NOT NULL,
  PRIMARY KEY (`id`)
) ENGINE=MyISAM DEFAULT CHARSET=utf8 AUTO_INCREMENT=1 ;

--
-- Dumping data for table `wp_6kf4dh_gigs_tour`
--


-- --------------------------------------------------------

--
-- Table structure for table `wp_6kf4dh_gigs_venue`
--

CREATE TABLE IF NOT EXISTS `wp_6kf4dh_gigs_venue` (
  `id` int(10) unsigned NOT NULL AUTO_INCREMENT,
  `name` varchar(255) NOT NULL,
  `address` text NOT NULL,
  `city` varchar(255) NOT NULL,
  `state` varchar(255) NOT NULL,
  `country` varchar(255) NOT NULL,
  `postalCode` varchar(255) NOT NULL,
  `contact` varchar(255) NOT NULL,
  `phone` varchar(255) NOT NULL,
  `email` varchar(255) NOT NULL,
  `link` varchar(255) NOT NULL,
  `notes` text NOT NULL,
  `private` tinyint(4) NOT NULL,
  `apiID` int(10) unsigned NOT NULL,
  `deleted` tinyint(4) NOT NULL,
  `customMap` varchar(255) NOT NULL,
  PRIMARY KEY (`id`)
) ENGINE=MyISAM  DEFAULT CHARSET=utf8 AUTO_INCREMENT=38 ;

--
-- Dumping data for table `wp_6kf4dh_gigs_venue`
--

INSERT INTO `wp_6kf4dh_gigs_venue` (`id`, `name`, `address`, `city`, `state`, `country`, `postalCode`, `contact`, `phone`, `email`, `link`, `notes`, `private`, `apiID`, `deleted`, `customMap`) VALUES
(1, 'Laugh Garage', 'B1, 60 Park Street (Cnr Elizabeth & Park St)', 'Sydney', 'NSW', 'Australia', '2000', 'Darren Sanders', '(02) 8883 1111', 'info@thelaughgarage.com', 'http://www.thelaughgarage.com/index_files/calendar_Sydney.htm', '', 0, 0, 0, 'http://maps.google.com/maps?f=q&source=s_q&hl=en&geocode=&q=60+Park+Street,+Sydney+NSW+2000&sll=-33.872665,151.209775&sspn=0.003336,0.006378&ie=UTF8&hq=&hnear=60+Park+St,+Sydney+NSW+2000,+Australia&z=17'),
(2, 'Comedy Court', '600 George St', 'Sydney', 'NSW', 'Australia', '2000', 'Donte D1', '(02) 95472578', '', 'http://comedyintheraw.com.au/home.html', '', 0, 0, 0, 'http://maps.google.com/maps?f=q&source=s_q&hl=en&geocode=&q=comedy+court,+sydney&sll=-33.849033,151.208782&sspn=0.106782,0.204105&ie=UTF8&hq=comedy+court,&hnear=Sydney+NSW,+Australia&ll=-33.875582,151.206594&spn=0.026687,0.051026&z=15&iwloc=A'),
(3, 'Lord Raglan', '12 Henderson Rd\n', 'Alexandria', 'NSW', 'Australia', '2015', '', '(02) 93193100', '', 'http://www.lordraglanhotel.com.au/whatson.html', '', 0, 0, 0, 'http://maps.google.com.au/maps?hl=en&safe=off&client=firefox-a&ie=UTF8&q=lord+raglan,sydney&fb=1&gl=au&hq=lord+raglan&hnear=,sydney&cid=0,0,13993973099920306267&ei=RNPjSprPKMWHkAXe6s3GAQ&ved=0CAwQnwIwAA&t=h&z=16&iwloc=A'),
(4, 'Comedy On the Edge @ Hotel William', '47 Williams Street,\nDarlinghurst', 'Sydney', 'NSW', 'Australia', '2011', '', '', '', 'http://www.comedyonedge.com/index.html', '', 0, 0, 0, 'http://maps.google.com.au/maps?f=q&source=s_q&hl=en&geocode=&q=47+William+St,+Kings+Cross+NSW+2010&sll=-33.87438,151.21464&sspn=0.006895,0.012757&gl=au&ie=UTF8&hq=&hnear=47+William+St,+Darlinghurst+NSW+2010&ll=-33.874273,151.21464&spn=0.006895,0.012757&t='),
(5, 'Lidcombe Hotel', 'Cnr John & Church Sts', 'Lidcombe', 'NSW', 'Australia', '2141‎ ', 'Dat Hung Tran', '0425 368 442', '', '', '', 0, 0, 0, 'http://maps.google.com.au/maps?f=q&source=s_q&hl=en&geocode=&q=2+john+st,+lidcombe&sll=-33.865122,151.045269&sspn=0.01331,0.02547&ie=UTF8&hq=&hnear=2+John+St,+Lidcombe+NSW+2141&z=17'),
(6, 'Old Manly Boatshed', '40 The Corso', 'Manly', 'NSW', 'Australia', '2095', '', '(02) 9977 4443‎', '', 'http://www.alist.com.au/', '', 0, 0, 0, 'http://maps.google.com.au/places/au/manly/the-corso/40/-manly-boatshed-the-old'),
(7, 'Oatley Hotel', '8 Oatley Ave', 'Oatley', 'NSW', 'Australia', '2223', '', '', '', 'http://www.oatleyhotel.com.au/', '', 0, 0, 0, ''),
(8, 'IHOC @ Newtown Townhall', '326 King St', 'Newtown', 'NSW', 'Australia', '2042', '', '(02) 9557 1206', '', 'http://www.facebook.com/group.php?gid=27073864262&ref=ts', '', 0, 0, 0, 'http://maps.google.com.au/places/au/newtown/king-st/326/-town-hall-hotel?gl=au'),
(9, 'Stand Up, Get Down @ World Bar', '24 Bayswater Rd\nKings Cross', 'Sydney', 'NSW', 'Australia', '2011', '', '', '', '', '', 0, 0, 0, 'http://maps.google.com.au/maps?hl=en&q=24+Bayswater+Rd+Kings+Cross&ie=UTF8&hq=&hnear=24+Bayswater+Rd,+Potts+Point+New+South+Wales+2011&t=h&z=16'),
(10, 'Comedy on the Rox', 'Roxbury Hotel\n182 St Johns Road', 'Glebe', 'NSW', 'Australia', '2037', '', '', '', 'http://www.comedyontherox.com.au/', '', 0, 0, 0, 'http://maps.google.com.au/maps/place?cid=680709634564101622&q=roxbury+comedy&hl=en&cd=1&ei=NV2xS5h3hOCyA8y9jMED&sll=-33.86664,150.9398&sspn=0.22715,0.489551&ie=UTF8&ll=-33.646064,150.57312&spn=0,0&t=h&z=11&iwloc=A'),
(11, 'Oriental Hotel', '61 Bull St\nCooks Hill ', 'Newcastle', 'NSW ', 'Australia', '2300', '', '', '', 'http://www.newcastlecomedy.com.au/', '', 0, 0, 0, 'http://maps.google.com.au/maps?f=q&hl=en&geocode=&q=61+Bull+St+Cooks+Hill,+NSW&sll=-25.335448,135.745076&sspn=33.617431,77.695313&ie=UTF8&t=h&s=AARTsJqpuHiEcHN0-rZdzDCovZJwgkbwLQ&view=map&hq=&hnear=61+Bull+St,+Cooks+Hill+New+South+Wales+2300&z=16'),
(12, 'Gloria Jeans', 'Borders\n500 Oxford St\n', 'Bondi Junction', 'NSW', 'Australia', '2022', '', '', '', '', '', 0, 0, 0, ''),
(13, 'Laugh Garage', 'Riverside Theatres, Cnr Church & Market St\n', 'Parramatta', 'NSW', 'Australia', '2150', '', '(02) 8883 1111', '', 'http://www.thelaughgarage.com/index_files/calendar_Parramatta.htm', '', 0, 0, 0, 'http://maps.google.com.au/maps?hl=en&safe=off&client=firefox-a&ie=UTF8&q=laugh+garage+parramatta&fb=1&gl=au&hq=laugh+garage&hnear=parramatta&cid=0,0,17930866991930684260&ei=Ys3gS4WFFo_-tQP8-fy0BQ&ved=0CAcQnwIwAA&z=16&iwloc=A'),
(14, 'Chuckle Hut', 'Epping Hotel\n58 Beecroft Rd', 'Epping', 'NSW ', 'Australia', '2121', '', '', '', 'http://www.facebook.com/group.php?gid=109305082438525', '', 0, 0, 0, 'http://maps.google.com.au/maps?q=58+Beecroft+Rd.+Epping,+NSW+2121&oe=utf-8&client=firefox-a&ie=UTF8&hq=&hnear=58+Beecroft+Rd,+Epping+New+South+Wales+2121&gl=au&ei=z1fpS5rlNtigkQX_4e3wCg&ved=0CBkQ8gEwAA&z=16'),
(15, 'Canberra Irish Club', '6 Parkinson St\nWeston\n', 'Canberra', 'ACT', 'Australia', '2611', '', '(02) 6288 5088', '', 'http://www.irishclub.com.au/default.aspx?d=1472916', '', 0, 0, 0, 'http://maps.google.com.au/maps?oe=utf-8&client=firefox-a&ie=UTF8&q=Canberra+Irish+Club&fb=1&gl=au&hq=Irish+Club&hnear=Canberra&cid=0,0,13532322209977311324&ei=a4f8S7rVMc6GkAXHnKCNBw&ved=0CBUQnwIwAA&z=16&iwloc=A'),
(16, 'A Mic in Hand', 'The Friend In Hand Pub\n58 Cowper St', 'Glebe', 'NSW', 'Australia', '2037 ', '', '', '', 'http://amicinhand.com/sydney/', '', 0, 0, 0, 'http://maps.google.com/places/au/glebe/cowper-st/58/-friend-in-hand-hotel?hl=en&ui=maps'),
(17, 'Factory Theatre', '105 Victoria Rd', 'Marrickville ', 'NSW', 'Australia', '2204', '', '(02) 9550 3666', '', 'http://www.factorytheatre.com.au', '', 0, 0, 0, 'http://maps.google.com.au/maps?oe=utf-8&client=firefox-a&ie=UTF8&q=factory+theatre&fb=1&gl=au&hq=factory+theatre&hnear=Sydney+NSW&cid=0,0,512109608395977475&ei=DFEQTNu3A5aXkQXajtWMDQ&ved=0CCsQnwIwAw&z=16&iwloc=A'),
(18, 'Harlequin Inn', '152-156 Harris Street', 'Pyrmont', 'NSW', 'Australia', '2009', '', '', '', 'http://www.harlequininn.com.au/', '', 0, 0, 0, 'http://maps.google.com.au/maps?f=q&source=s_q&hl=en&geocode=&q=152-156+Harris+Street,+Pyrmont,+New+South+Wales&sll=-33.867139,151.207114&sspn=0.056373,0.094414&ie=UTF8&hq=&hnear=152-156+Harris+St,+Pyrmont+New+South+Wales+2009&z=17'),
(19, 'Comedy On the Edge @ The Shannon Hotel', '87 Abercrombie St \nChippendale', 'Sydney', 'NSW', 'Australia', '2008', '', '', '', 'http://www.comedyonedge.com', '', 0, 0, 0, 'http://maps.google.com.au/maps/place?cid=1036988916042103707&q=shannon+hotel+87+Abercrombie+St++Chippendale&hl=en&gl=au'),
(20, 'Craichouse', 'LV Bar\n55 McCurtain St', 'Cork', '', 'Ireland', '', '', '', '', 'http://thecraichouse.com/', '', 0, 0, 0, 'http://maps.google.com.au/maps?hl=en&safe=off&client=firefox-a&q=55+MAcCurtain+St,+cork&ie=UTF8&hq=&hnear=55+MacCurtain+St,+Cork,+County+Cork,+Ireland&z=16'),
(21, 'Comedy Club Kookaburra', 'Schönhauser Allee 184\n10119 Berlin', 'Berlin', '', 'Germany', '', '', '', '', 'http://www.comedyclub.de/berlin/english-show.php', '', 0, 0, 0, 'http://maps.google.com.au/maps/place?cid=12114901160661834808&q=kookaburra+berlin&gl=au'),
(22, 'The Comedy Store', 'The Entertainment Quarter\n207 / 122 Land Rd', 'Moore Park', 'NSW', 'Australia', '2021', '', '', '', 'http://www.comedystore.com.au/', '', 0, 0, 0, 'http://www.google.com.au/maps/place?cid=16730315335478850124&q=comedy+store&gl=au'),
(23, 'Randwick Rugby Club', '102 Brook St ', 'Coogee', 'NSW', 'Australia', '2034', '', '', '', '', '', 0, 0, 0, 'http://maps.google.com.au/maps?hl=en&safe=off&client=firefox-a&q=102-104+Brook+Street+Coogee,+2034&ie=UTF8&hq=&hnear=102%2F104+Brook+St,+Coogee+New+South+Wales+2034&gl=au&t=h&z=16'),
(24, 'Laugh Garage @ Petersham', '', '', '', '', '', '', '', '', '', '', 0, 0, 1, ''),
(25, 'Speakeasy', '345 Parramatta Road', 'Leichhardt ', 'NSW', 'Australia', '2040', '', '', '', '', '', 0, 0, 0, 'http://maps.google.com/maps?q=bald+faced+stag,+sydney&hl=en&sll=-33.887678,151.159408&sspn=0.116994,0.206509&vpsrc=0&t=m&z=13&iwloc=A'),
(34, 'The Comedy Lounge', '	\nCafe Lounge\n277 Goulburn Street\n', 'Surry Hills', 'NSW', 'Australia', '2010', '', '', '', '', '', 0, 0, 0, 'http://maps.google.com.au/maps?q=cafe+lounge+surrey+hills&hl=en&ll=-33.879181,151.215048&spn=0.059429,0.104284&oe=utf-8&client=firefox-a&t=m&z=14&vpsrc=0'),
(26, 'Metro Theatre', '624 George Street\n', 'Sydney', 'NSW', 'Australia', '2000', '', '(02) 9550 3666', '', '', '', 0, 0, 0, 'http://maps.google.com.au/maps?oe=utf-8&client=firefox-a&ie=UTF8&q=metro+theatre+sydney&fb=1&gl=au&hq=metro+theatre+sydney&hnear=metro+theatre+sydney&cid=0,0,5844520285524026543&z=16&iwloc=A'),
(27, 'Belgian Beer Cafe', '82 Darling St ', 'Balmain', 'NSW', 'Australia', '2041', '', '', '', '', '', 0, 0, 1, 'http://maps.google.com/maps?f=q&source=s_q&hl=en&geocode=&q=82+Darling+St,+Balmain,+2041&sll=37.0625,-95.677068&sspn=57.249013,106.787109&ie=UTF8&hq=&hnear=82+Darling+St,+Balmain+East+New+South+Wales+2041,+Australia&z=17'),
(28, 'Crows Nest Hotel ', '1 Willoughby Road\n', 'Crows Nest', 'NSW', 'Australia', '2065', '', '02 9436 4887 ', '', '', '', 0, 0, 0, 'http://maps.google.com/maps?hl=en&client=ubuntu&channel=fs&q=1+Willoughby+Road,+Crows+Nest+NSW&ie=UTF8&hq=&hnear=1+Willoughby+Rd,+Crows+Nest+New+South+Wales+2065,+Australia&z=16'),
(29, 'Outburst Comedy', 'Vegas Bar\n34 Oxford St\nDarlinghurst', 'Sydney', 'NSW', 'Au', '', '', '', '', '', '', 0, 0, 1, ''),
(30, 'Outburst Comedy', 'Vegas Bar\n34 Oxford St\nDarlinghurst', 'Sydney', 'NSW', 'Australia', '2010', '', '', '', '', '', 0, 0, 0, 'http://maps.google.com.au/maps/place?oe=utf-8&client=firefox-a&ie=UTF8&q=Spectrum+bar&fb=1&gl=au&hq=Spectrum+bar&hnear=Sydney+New+South+Wales&cid=17439785518213560399&t=h&z=14'),
(31, 'The Riot House', 'The Gaelic Hotel\n64 Devonshire St\nSurry Hills ', 'Sydney', 'NSW', 'Australia', '2010', '', '', '', '', '', 0, 0, 0, 'http://www.google.com/maps?f=q&source=embed&hl=en&geocode=&q=The+Gaelic+Theatre,64+Devonshire+St+Surry+Hills+NSW+2010&sll=37.0625,-95.677068&sspn=57.249013,97.646484&ie=UTF8&hq=The+Gaelic+Theatre&hnear=64+Devonshire+St,+Surry+Hills+New+South+Wales+2010,+A'),
(32, 'Wollongong Comedy', 'The Illawarra Master Builders Club\n61 Church Street\n ', 'Wollongong', 'NSW', 'Australia ', '2500', '', '', '', 'http://www.wollongongcomedy.com.au/', '', 0, 0, 0, 'http://maps.google.com.au/maps?q=The+Illawarra+Master+Builders+Club&hl=en&safe=off&client=firefox-a&z=16&vpsrc=0'),
(33, 'The Comedy Saloon', 'Minsky''s Piano Bar\nHotel Cremorne\n287 Military Road ', 'Cremorne', 'NSW', 'Australia', '2090', '', '(02) 9909 8888', '', 'http://www.hotelcremorne.com.au', '', 0, 0, 0, 'http://maps.google.com.au/maps?q=Minskys+Piano+Bar,+Hotel+Cremorne&hl=en&oe=utf-8&client=firefox-a&t=h&z=13&vpsrc=0'),
(35, 'Marrickville Town Hall', '303 Marrickville Road', 'Marrickville ', 'NSW', 'Australia', '2204', '', '', '', '', '', 0, 0, 0, 'http://maps.google.com/maps?hl=en&client=firefox-a&hs=WLR&rls=org.mozilla:en-US:official&q=Marrickville+Town+Hall,+303+Marrickville+Road&gs_upl=76468l77272l0l77660l3l3l0l0l0l0l332l876l2-1.2l3l0&um=1&ie=UTF-8&hq=&hnear=0x6b12b064f1fe3567:0x3048718631c99100'),
(36, 'Bull & Bush Hotel', '378 Windsor Road', 'Baulkham Hills', 'NSW ', 'Australia', '2153', '', '+61 2 9639 4008', '', 'bullnbush.com.au ', '', 0, 0, 0, 'http://maps.google.com/maps?q=bull+n+bush+baulkham+hills+sydney&oe=utf-8&client=firefox-a&hq=bull+n+bush+baulkham+hills+sydney&radius=15000&t=h&z=16&vpsrc=0'),
(37, 'North Bondi RSL', '118-120 Ramsgate Avenue', 'North Bondi', 'NSW ', 'Australia', '2026', '', '(02) 9300 4400', '', '', '', 0, 0, 0, 'http://maps.google.com/maps/place?q=north+bondi+RSL&hl=en&cid=14089942668326280992');

